,Unnamed: 0,user_id,location,age
57300,43156,43157,"windsor, ontario, canada",22
40638,99031,99032,"white plains, new york, usa",25
54265,42882,42883,"the woodlands, texas, usa",51
83797,183799,183800,"quebec, quebec, canada",29
96743,188795,188796,"toronto, ontario, canada",
14096,182392,182393,"the center of, my own little world, usa",35
47394,50546,50547,"toronto, ontario, canada",32
56442,264902,264903,"dortmund, nordrhein-westfalen, germany",36
87738,182441,182442,"ithaca, new york, usa",
67559,258912,258913,"zaberfeld, baden-wuerttemberg, germany",25
97212,213759,213760,"omaha, nebraska, usa",32
95392,69696,69697,"west sacramento, california, usa",24
6786,74188,74189,"duluth, georgia, usa",21
66981,147751,147752,"downers grove, illinois, usa",27
5132,3593,3594,"auckland, n/a, new zealand",48
72671,37309,37310,"americus, georgia, usa",33
69004,266477,266478,"lansdale, pennsylvania, usa",50
46027,127121,127122,"dallas, texas, usa",
58598,12329,12330,"sao paulo, sao paulo, brazil",30
18061,46196,46197,"tampere, pirkanmaa, finland",26
79336,17352,17353,"tempe, arizona, usa",
70722,135872,135873,"st. louis, missouri, usa",
156,99440,99441,"seattle, washington, usa",33
86926,62545,62546,"nashville, tennessee, usa",30
17329,176655,176656,"georgetown, delaware, usa",42
21830,208375,208376,"albuquerque, new mexico, usa",
19157,163569,163570,"lincoln, new brunswick, canada",50
5018,78014,78015,"enfield, connecticut, usa",32
62626,10698,10699,"victoria, british columbia, canada",
19566,182505,182506,"orlando, florida, usa",40
76126,101970,101971,"kingston, ontario, canada",43
2371,74088,74089,"london, england, united kingdom",29
27100,143714,143715,"chicago, illinois, usa",32
62204,60423,60424,"york, north yorkshire, united kingdom",
21011,95451,95452,"st louis, missouri, usa",76
20697,274134,274135,"bremerton, washington, usa",
14351,247886,247887,"oeiras, lisboa, portugal",27
55800,165696,165697,"pittsburgh, pennsylvania, usa",30
82859,47290,47291,"washington, dc, usa",32
99303,188272,188273,"hawthorne, new jersey, usa",22
48575,185941,185942,"salisbury, north carolina, usa",25
68540,178919,178920,,31
7789,30967,30968,"poway, california, usa",65
13303,269846,269847,"frankfurt am main, hessen, germany",34
78030,225633,225634,"oakdale, california, usa",12
35271,223437,223438,"randolph, massachusetts, usa",31
47125,226219,226220,"baytown, texas, usa",45
18883,3976,3977,"columbiana, alabama, usa",63
1772,58362,58363,"colorado springs, colorado, usa",81
44589,101190,101191,"langnau a.a., zurich, switzerland",
93602,246512,246513,"virginia beach, virginia, usa",23
59131,243606,243607,"austin, texas, usa",28
98198,18518,18519,"san diego, california, usa",
75957,2357,2358,"bryan, texas, usa",23
49179,77723,77724,"mission viejo, california, usa",43
17335,242639,242640,"chicago, ,",23
70128,108835,108836,"seattle, washington, usa",29
41433,174917,174918,"minneapolis, minnesota, usa",59
41197,78974,78975,"fort worth, texas, usa",
47626,36608,36609,"zachary, louisiana, usa",32
59186,112082,112083,"tucson, arizona, usa",25
89002,17893,17894,"alabaster, alabama, usa",47
81519,111309,111310,"san diego, california, usa",31
43147,262524,262525,"sf, california, usa",
17338,164060,164061,"dresden, ontario, canada",
90485,45106,45107,"montgomery twp, pennsylvania, usa",
11116,183565,183566,"wayland, massachusetts, usa",
60421,73553,73554,"pamplona, navarra, spain",41
47010,167402,167403,"brisbane, queensland, australia",31
2790,271459,271460,"saint louis, missouri, usa",63
15555,141490,141491,"westminster, maryland, usa",47
42607,229680,229681,"the dalles, oregon, usa",
86645,54883,54884,"nashua, new hampshire, usa",33
4209,83286,83287,"tulsa, oklahoma, usa",45
69744,242072,242073,"aldergrove, british columbia, canada",28
92245,224524,224525,"ploiesti, prahova, romania",18
80366,184531,184532,"des moines, iowa, usa",28
60868,90138,90139,"nehren, baden-wuerttemberg,",39
60463,5285,5286,"dallas, texas, usa",18
92473,60808,60809,"erstein, alsace, france",33
1992,136904,136905,"barcelona, barcelona, spain",25
67297,7351,7352,"houston, texas, usa",53
10537,249145,249146,"algés, lisboa, portugal",41
70797,271987,271988,"marratxí, illes balears, spain",32
54605,16009,16010,"carlinville, illinois, usa",
71953,211970,211971,"eltville, hessen, germany",
79690,186849,186850,"wixom, michigan, usa",
90317,2765,2766,"frisco, texas, usa",42
32840,199074,199075,,37
69289,177672,177673,"richmond, virginia, usa",49
51913,188597,188598,"barcelona, barcelona, spain",28
1128,187244,187245,"longmont, colorado, usa",
99715,229500,229501,,20
71617,146529,146530,"chapel hill, north carolina, usa",
72159,146196,146197,"florissant, missouri, usa",39
14408,8679,8680,"st. charles county, missouri, usa",2
98407,276327,276328,"victoria, british columbia, canada",39
50022,38028,38029,"turners falls, massachusetts, usa",44
41677,117737,117738,"carlsbad, california, usa",
94430,57725,57726,"costa mesa, california, usa",19
20316,153868,153869,"bonn, nordrhein-westfalen, germany",22
51874,252952,252953,"kelso, washington, usa",23
58903,45121,45122,"lima, ohio, usa",
26807,114264,114265,"raleigh, , usa",
11277,156242,156243,"livorno, toscana, italy",
51522,234358,234359,"morro bay, california, usa",35
48500,154408,154409,"renton, washington, usa",
86948,214785,214786,"boone county, kentucky, usa",
57594,278256,278257,"new orleans, louisiana, usa",41
47623,52993,52994,"colton, oregon, usa",
38666,33957,33958,"new orleans, louisiana,",
56817,250694,250695,"reno, nevada, usa",
1184,120079,120080,"preston, lancashire, england, united kingdom",32
76939,52833,52834,"new york, new york, usa",49
46305,168477,168478,"berkeley springs, west virginia, usa",53
7538,27646,27647,"lisboa, lisboa, portugal",
90795,117556,117557,"arnold, maryland, usa",
264,75329,75330,,21
32913,6957,6958,"durham, north carolina, usa",
98771,93984,93985,"jupiter, florida, usa",65
51852,114497,114498,"massapequa, new york, usa",37
20676,140893,140894,"scio, oregon, usa",47
8628,101881,101882,"harrodsburg, kentucky, usa",18
20435,26822,26823,"edison, new jersey, usa",32
82664,102116,102117,"virginia beach, virginia, usa",19
89977,191760,191761,"buellton, , usa",50
24192,131153,131154,"soddy-daisy, tennessee, usa",18
9162,153926,153927,"brewton, alabama, usa",26
40411,83382,83383,"san diego, california, usa",67
11504,166718,166719,"huntington beach, california, usa",27
58953,58230,58231,"firenze, toscana, italy",39
13314,78840,78841,"prior lake, minnesota, usa",42
56193,191071,191072,"germantown, maryland, usa",46
51887,270896,270897,"reno, ,",29
88219,211960,211961,"enschede, overijssel, netherlands",40
84690,148141,148142,"kent, england, united kingdom",21
18628,270551,270552,"taylor, michigan, usa",
18325,137662,137663,"syracuse, new york, usa",
47892,169858,169859,"sydney, new south wales, australia",23
249,89390,89391,"wichita, kansas, usa",
66638,182424,182425,"sand lake, michigan, usa",26
4142,62474,62475,"arlington heights, illinois, usa",54
15203,228072,228073,"henderson, minnesota, usa",32
85372,27683,27684,"knox, pennsylvania, usa",
73152,56553,56554,"rural hall, north carolina, usa",39
10333,242638,242639,"avon, connecticut, usa",17
32411,174303,174304,"st. louis, missouri, usa",26
33458,235098,235099,"taylorsville, utah, usa",48
92452,209463,209464,"st-sauveur, quebec, canada",17
53771,227671,227672,"steamboat springs, colorado, usa",
41824,169308,169309,"east lansing, michigan, usa",
92659,50203,50204,"lebanon, pennsylvania, usa",36
89851,271799,271800,"taradell, barcelona, spain",43
99641,89215,89216,"mississauga, ontario, canada",
22566,140946,140947,"elburn, illinois, usa",46
82444,64902,64903,"houston, texas, usa",
56560,76864,76865,"arrasate, gipuzkoa, euskal herria",209
7579,193247,193248,"saratoga springs, new york, usa",32
79287,264762,264763,"glen burnie, maryland, usa",
60531,119445,119446,"edmonton, alberta, canada",
51901,201469,201470,"preveza, preveza, greece",34
2639,104058,104059,"brisbane, queensland, australia",
49974,261119,261120,"tigard, oregon, usa",70
35199,93256,93257,"san francisco, california, usa",
11488,81302,81303,"waterloo, iowa, usa",26
30453,243087,243088,"edmond, oklahoma, usa",15
41558,136559,136560,"genova, liguria, italy",31
81278,33655,33656,"prescott valley, arizona, usa",53
33489,129392,129393,"espoo, uusimaa, finland",27
32235,50569,50570,"kitchener, ontario, canada",29
38787,75700,75701,"lincoln city, oregon, usa",56
80438,101303,101304,"chesapeake, virginia, usa",68
23404,223500,223501,"santa cruz, california, usa",
50977,92809,92810,"manistee, michigan, usa",60
38164,252718,252719,"albion, maine, usa",19
71305,151469,151470,"lutz, florida, usa",34
56459,93871,93872,"new york, new york, usa",21
39788,75484,75485,"gainesville, florida, usa",27
84592,223230,223231,"warsaw, n/a, poland",17
33959,115391,115392,"göteborg, västra götalands län, sweden",30
55544,269726,269727,"lake oswego, oregon, usa",69
12554,44984,44985,"coupeville, washington, usa",36
58702,251351,251352,"monrovia, california, usa",
51500,104924,104925,,44
78349,136070,136071,"normal, illinois, usa",44
36366,4844,4845,"surrey, ,",
76228,61426,61427,"morgan hill, california, usa",
86243,137512,137513,"calgary, alberta, canada",
15622,29027,29028,"scarsdale, new york, usa",28
75725,56270,56271,"leeds, england, united kingdom",22
4557,180405,180406,"pasadena, california, usa",24
63050,101740,101741,"mount juliet, tennessee, usa",66
3741,266649,266650,"plant city, florida, usa",35
30287,143078,143079,"hibaldstow, england, united kingdom",37
19271,217385,217386,"beavercreek, oregon, usa",
9125,156341,156342,"bay area, california, usa",31
32836,104122,104123,"point mugu, california, usa",
45761,179977,179978,"perry, new york, usa",28
36442,93854,93855,"hartford, connecticut, usa",53
16707,16120,16121,"tarrytown, new york, usa",37
29124,63505,63506,"saskatoon, saskatchewan, canada",
37165,18315,18316,"seattle, washington, usa",
78323,178666,178667,"freehold, new jersey, usa",34
1807,38673,38674,"belleville, ontario, canada",
57477,77939,77940,"melaka, melaka, malaysia",
48381,80070,80071,"salt lake city, utah, usa",28
4708,272394,272395,,23
59303,136239,136240,"travelers rest, south carolina, usa",20
63331,267510,267511,"liverpool, merseyside, united kingdom",36
36030,44449,44450,"summerfield, ,",35
17116,184201,184202,"spokane, washington, usa",32
59357,171637,171638,"trout creek, montana, usa",
95356,59037,59038,"san antonio, texas, usa",28
31318,2287,2288,"spring hill, tennessee, usa",30
75791,260839,260840,"missoula, montana, usa",35
25594,125439,125440,"sea isle city, new jersey, usa",50
61510,122351,122352,"dutch flat, california, usa",
59959,141724,141725,"chicago, illinois, usa",55
90646,37163,37164,"baton rouge, louisiana, usa",30
40892,74452,74453,"lansdale, pennsylvania, usa",61
86841,18383,18384,"palma de mallorca, baleares, spain",37
99007,386,387,"charity, missouri, usa",17
86675,5740,5741,"redlands, california, usa",20
67901,167055,167056,"sarasota (but ybor city has a better name), florida, usa",21
73381,115751,115752,"atlanta, georgia, usa",29
27196,33861,33862,"abingdon, maryland, usa",
10009,30510,30511,"culemborg, gelderland, netherlands",
49766,200584,200585,"porto alegre, rio grande do sul, brazil",18
60005,135264,135265,"groton, connecticut, usa",32
2802,97485,97486,"stuttgart, baden-wuerttemberg, germany",38
15837,112242,112243,"honolulu, hawaii, usa",
49295,88277,88278,"charleston, south carolina, usa",
27900,6091,6092,"weybridge, surrey, united kingdom",
93609,239105,239106,"pasadena, california, usa",74
93764,228763,228764,"oakdale, california, usa",39
31702,21483,21484,"madison, wisconsin, usa",21
12547,250476,250477,"cumberland, maryland, usa",35
98876,19982,19983,"genova, liguria, italy",25
31131,80118,80119,"burlington, ontario, canada",63
34022,204801,204802,"qualicum beach, british columbia, canada",
24957,68560,68561,"hendersonville, north carolina, usa",59
83082,217739,217740,"madrid, madrid, spain",37
79779,67363,67364,"lakeland, florida, usa",
96903,11708,11709,"davison, michigan, usa",29
94860,242272,242273,"denver, colorado, usa",23
30980,184353,184354,"lincoln, nebraska, usa",36
15995,230427,230428,"indianapolis, , usa",48
579,237256,237257,"cayucos, california, usa",38
80076,16870,16871,"leroy, new york, usa",26
83128,233710,233711,"mackay, queensland, australia",36
88390,36692,36693,"seattle, washington, usa",50
15908,262633,262634,"lisle, new york, usa",17
22461,214243,214244,"duisburg, nordrhein-westfalen, germany",23
76959,207493,207494,"huntsville, alabama, usa",42
62258,38388,38389,"strasbourg, alsace, france",40
52318,274417,274418,"everett, washington, usa",49
48832,84190,84191,"fulton, missouri,",
92505,143210,143211,"greenbelt, maryland, usa",
22465,234892,234893,"orlando, florida, usa",41
73364,162737,162738,"waterford, michigan, usa",
99824,251338,251339,"bayboro, north carolina, usa",46
19112,183523,183524,"hornburg, niedersachsen, germany",19
9471,114074,114075,"zuiddorpe, zeeland, netherlands",38
97529,81332,81333,"millis, , usa",
49968,62624,62625,"liboa, lisboa, portugal",23
37522,130791,130792,"lefkosia, n/a, cyprus",36
9351,245409,245410,"san antonio, texas, usa",28
90814,53407,53408,"college station, texas, usa",22
75008,96054,96055,"dublin, ohio, usa",
17312,133257,133258,"bloomington, illinois, usa",49
34208,228312,228313,"suffolk, england, united kingdom",17
64314,55020,55021,"santa clara, california, usa",44
34374,214656,214657,"halifax, nova scotia, canada",25
69794,201035,201036,"virginia beach, virginia, usa",
30372,201153,201154,"cedar rapids, iowa, usa",34
68398,85131,85132,"littleton, new hampshire, usa",
85844,32183,32184,"wayne, new jersey, usa",24
36167,265503,265504,"christiansburg, virginia, usa",41
70182,74465,74466,"philadelphia, pennsylvania, usa",32
78601,18463,18464,"padova, veneto, italy",32
28496,185467,185468,"whitehall, new york, usa",40
90606,132356,132357,"minneapolis, minnesota, usa",52
3941,101565,101566,"vancouver, washington, usa",27
53586,112540,112541,"sydney, new south wales, australia",22
50536,112456,112457,"belper, england, united kingdom",41
73609,120514,120515,"porto alegre, rio grande do sul, brazil",42
81396,77306,77307,"pittsburgh, pennsylvania, usa",19
47288,24766,24767,"san diego, california, usa",28
10197,82750,82751,"calgary, alberta, canada",28
49375,264283,264284,"richmond, virginia, usa",
91474,172961,172962,"laronge, ,",
79096,257713,257714,"seattle, washington, usa",29
56369,116219,116220,"charlotte, north carolina, usa",32
62303,223641,223642,"spring, texas, usa",33
82248,114215,114216,"ste-anne-de-bellevue, quebec, canada",
68777,94842,94843,"lake oswego, oregon, usa",22
45617,153248,153249,"elmwood park, new jersey, usa",26
77991,212274,212275,"sandpoint, idaho, usa",9
91671,271673,271674,"seattle, washington, usa",29
34173,204376,204377,"saint louis, missouri, usa",
74648,81539,81540,"austin, texas, usa",35
28309,32038,32039,"morton grove, illinois, usa",40
97092,214875,214876,"augusta, georgia, usa",19
54037,8322,8323,"roy, utah, usa",48
21092,160768,160769,"ede, gelderland, netherlands",52
49359,39512,39513,"red deer, alberta, canada",
91451,114278,114279,"london, england, united kingdom",42
64172,107717,107718,,28
15935,117547,117548,"houston, texas, usa",57
19657,226183,226184,"paris, ile de france, france",20
38965,39501,39502,"kirkwood, missouri, usa",56
50044,62661,62662,"auburn, washington, usa",39
14600,1115,1116,"calgary, alberta, canada",29
64255,78495,78496,"hampton, illinois, usa",
84180,191271,191272,"gijon, asturias, spain",30
72957,143964,143965,"glenview, illinois, usa",31
59345,72213,72214,"ottawa, ontario, canada",40
34973,2009,2010,"colfax, illinois, usa",
13876,108699,108700,"orlando, florida, usa",49
97793,183087,183088,"arlington, virginia, usa",43
5308,94786,94787,"cleveland, ohio, usa",24
98095,243327,243328,"portland, oregon, usa",33
77707,76740,76741,"toronto, ontario, canada",28
50761,249923,249924,"san francisco, california, usa",38
78297,24732,24733,"oswego, new york, usa",
25332,151536,151537,"dalton, georgia, usa",33
41858,163418,163419,"tübingen, baden-württemberg, germany",33
79249,226481,226482,"singapore, n/a,",21
74687,16817,16818,"hiawatha, iowa, usa",
33212,138436,138437,"gainesville, florida, usa",
6652,91881,91882,"milwaukee, wisconsin, usa",36
35495,200492,200493,"anaheim, california, usa",56
23944,79589,79590,"berlin, berlin, germany",
10903,269390,269391,"frechen, nordrhein-westfalen, germany",31
30245,55926,55927,"roscoe, minnesota, usa",17
83645,82672,82673,"new port richey, florida, usa",23
73415,118880,118881,"bolton, england, united kingdom",31
80064,90783,90784,"chicago, illinois, usa",
94334,164149,164150,"philadelphia, pennsylvania, usa",33
16933,208623,208624,"little rock, arkansas, usa",
56250,184903,184904,"chicago, illinois, usa",22
61444,154344,154345,"white plains, new york, usa",
9467,107490,107491,"cedar springs, michigan, usa",47
48729,151652,151653,"omaha, nebraska, usa",
86862,31143,31144,"miami, florida, usa",
70790,70877,70878,"kingston, ,",
30030,84478,84479,"philadelphia, pennsylvania, usa",25
23383,141064,141065,"abbotsford, british columbia, canada",76
81129,195468,195469,"congers, new york, usa",39
72483,274877,274878,"milano, lombardia, italy",57
62137,91057,91058,"blanco, texas, usa",63
10071,230756,230757,"supply, north carolina, usa",57
14650,236549,236550,"knoxville, tennessee, usa",
70168,76409,76410,"kent, washington, usa",
65452,107772,107773,"coldrerio, ticino, switzerland",38
32409,244963,244964,"basel, basel-stadt, switzerland",32
75562,199897,199898,"berlin, berlin, germany",24
80390,97597,97598,"bielefeld, nordrhein-westfalen, germany",43
52473,50192,50193,"vancouver, british columbia, canada",27
64712,144061,144062,"stow, massachusetts, usa",16
83390,881,882,"berkeley, california, usa",23
10761,3466,3467,"fort wayne, indiana, usa",36
65282,174508,174509,"new london, ohio, usa",3
72,128405,128406,"columbia, missouri, usa",31
26989,270827,270828,"port moody, british columbia, canada",44
36140,224767,224768,"huntington beach, california, usa",41
48536,128076,128077,"hamburg, hamburg, germany",
13974,4784,4785,"litchfield, connecticut, usa",30
46167,177931,177932,"fayetteville, north carolina, usa",
50435,191693,191694,"fremont, california, usa",62
49119,26069,26070,,14
67897,81458,81459,"ofallon, missouri, usa",
43745,203239,203240,"st. louis, missouri, usa",32
9126,38678,38679,"lenexa, kansas, usa",52
71140,245294,245295,"puchong, selangor, malaysia",24
31368,107593,107594,"toronto, ontario, canada",27
72968,203057,203058,"virginia beach, virginia, usa",32
59173,191048,191049,"cornwall, ontario, canada",
8963,173929,173930,"shrewsbury, massachusetts, usa",
60142,75292,75293,"clermont-ferrand, auvergne, france",24
9588,31613,31614,"minneapolis, minnesota, usa",
92240,37687,37688,"maadi, cairo, egypt",33
57255,161935,161936,"gisborne, victoria, australia",53
57682,70378,70379,"bremerton, washington, usa",
2313,32792,32793,"quebec, quebec, canada",22
68269,8936,8937,"murphysboro, ,",37
10618,192715,192716,"mobile, alabama, usa",
23322,274778,274779,"north adams, massachusetts, usa",
15000,9187,9188,"washougal, washington, usa",
95062,182428,182429,"valencia, país valencià, spain",29
16030,260966,260967,"ewa beach, hawaii, usa",
78264,45314,45315,"ada, michigan, usa",
98471,13599,13600,"athens, athens, greece",
96025,8843,8844,"san diego, california, usa",
27637,120136,120137,"ann arbor, michigan, usa",
56579,274643,274644,"sandy, oregon, usa",
35947,16754,16755,"streetman, texas, usa",58
35944,134301,134302,"dallas, texas, usa",
95818,100003,100004,"san ysidro, california, usa",0
47519,38831,38832,"raleigh, north carolina, usa",52
1610,31623,31624,"los angeles, california, usa",
62097,252453,252454,"burnley, england, united kingdom",38
86158,160993,160994,"norwalk, california, usa",65
84023,82000,82001,"west bolton, vermont, usa",
22422,133570,133571,"olney, maryland, usa",39
8455,123459,123460,"brea, california, usa",31
19761,3692,3693,"hampton, virginia, usa",23
32100,263148,263149,"halle, sachsen-anhalt, germany",30
26942,123500,123501,"barcelona, catalunya, spain",27
2735,267417,267418,"weingarten, baden-württemberg, germany",
40946,204618,204619,"chatham, new jersey, usa",13
81796,58484,58485,"cranberry township, pennsylvania, usa",
44060,182745,182746,"jacksonville, florida, usa",44
6123,118339,118340,"hebden bridge, west yorkshire, united kingdom",
36052,275824,275825,"dayton, ohio, usa",
36029,208250,208251,"alvin, texas, usa",35
97847,176347,176348,"louisville, kentucky, usa",33
67577,107513,107514,"chula vista, california, usa",8
32515,233397,233398,"branson, missouri, usa",24
33399,47151,47152,"blair, nebraska, usa",33
54857,105312,105313,"minneapolis, minnesota, usa",34
45022,132281,132282,"birmingham, alabama, usa",23
62480,121118,121119,"sag harbor, new york, usa",50
82984,8252,8253,"tulsa, oklahoma, usa",26
96439,223104,223105,"cambridge, england, united kingdom",
93223,204365,204366,"traverse city, michigan, usa",18
84402,8066,8067,"owings mills, maryland, usa",26
68396,139181,139182,"lévis, québec, canada",
83948,274802,274803,"münchen, bayern, germany",
46668,267647,267648,"ypsilanti, michigan, usa",37
34417,270359,270360,"caboolture, queensland, australia",31
79671,190079,190080,"spartanburg, south carolina, usa",29
30804,8361,8362,"los angeles, california, usa",28
78781,243074,243075,"whitehorse, yukon territory, canada",13
47921,276306,276307,"richmond, london, england, united kingdom",35
81200,124573,124574,"wellston, ohio, usa",37
52081,132615,132616,"green river, wyoming, usa",
88042,159282,159283,"nuneaton, england, united kingdom",66
58901,202710,202711,"westminster, texas, usa",30
41863,49634,49635,,
65260,189665,189666,"maastricht, limburg, netherlands",
4278,267443,267444,"chesapeake, virginia, usa",62
47132,6344,6345,"lake geneva, wisconsin, usa",29
1855,58010,58011,"wallan, victoria,",
62202,269312,269313,"richland, washington, usa",45
57519,160818,160819,"miami, florida, usa",43
79422,224808,224809,"nashua, new hampshire, usa",61
3658,179146,179147,"dallas, texas, usa",
35150,84879,84880,"st louis, missouri, usa",
53113,234720,234721,"hazelwood, missouri, usa",
41395,115955,115956,"salt lake city, utah, usa",
25598,162609,162610,"tempe, arizona, usa",29
53457,106776,106777,"thornhill, ontario, canada",
4113,128692,128693,"leicester, england, united kingdom",
57214,55437,55438,"lexington, kentucky, usa",42
77253,153360,153361,"jacksonville, arkansas, usa",44
38201,49422,49423,"deer mountain, utah, usa",26
52810,1408,1409,"farmington hills, michigan, usa",74
89587,13163,13164,"scottsburg, indiana, usa",33
37596,225342,225343,"frankfurt am main, hessen, germany",46
9302,115750,115751,"yuma, arizona, usa",17
20284,94152,94153,"glen rose, texas, usa",51
14297,154645,154646,"woodridge, new jersey, usa",43
97431,24089,24090,"prospect, connecticut, usa",59
18720,130809,130810,"melbourne, victoria, australia",
67119,61638,61639,"nürnberg, bayern, germany",
39928,96474,96475,"vila nova de gaia, porto, portugal",26
43738,236032,236033,"minneapolis, minnesota, united kingdom",38
72836,173768,173769,"toapayoh, toapayoh, singapore",17
54342,86139,86140,"milano, lombardia, italy",31
71414,121492,121493,"calgary, alberta, canada",34
75646,227191,227192,"grand rapids, michigan, usa",
51497,197687,197688,"fiddletown, california, usa",
2330,75950,75951,"garden valley, ,",
88543,28071,28072,"derwood, maryland, usa",
70778,76481,76482,"zanesville, ohio, usa",103
87578,180508,180509,"l`hospitalet, catalunya, spain",17
24733,254195,254196,"antioch, illinois, usa",
84919,257361,257362,"bremerton, washington, usa",57
2332,57104,57105,"roswell, georgia, usa",32
81844,268987,268988,"willow springs, missouri, usa",30
83343,210771,210772,"kuala lumpur, kuala lumpur, malaysia",44
41054,7055,7056,"pickering, ontario, canada",31
75244,278853,278854,"portland, oregon, usa",
6906,180897,180898,"grosse pointe park, michigan, usa",
55963,263851,263852,"lake mary, florida, usa",65
78609,30290,30291,"san leandro, california, usa",54
10366,151482,151483,"belmont, california, usa",
78166,196857,196858,"west point, new york, usa",32
73182,1607,1608,"collingswood, new jersey, usa",27
26727,209931,209932,"palm beach gardens, florida, usa",62
82787,227516,227517,"baltimore, maryland, usa",35
4066,223952,223953,,29
95606,49108,49109,"west jordan, utah, usa",38
13400,82577,82578,,
29703,215005,215006,"seattle, washington, usa",44
72699,244285,244286,"howell, new jersey, usa",22
32890,50140,50141,"minneapolis, minnesota, usa",58
60254,168762,168763,"beaverton, oregon, usa",
95648,68183,68184,"tel aviv, n/a, israel",
73856,102701,102702,"honolulu, hawaii, usa",34
64149,196046,196047,"macomb, michigan, usa",55
8542,130484,130485,"minneapolis, minnesota, usa",
26894,233910,233911,"romney, west virginia, usa",41
65838,199565,199566,"tujunga, california, usa",
51596,115699,115700,"denver, colorado, usa",29
33429,62669,62670,"lisboa, lisboa, portugal",26
10734,92882,92883,"austin, minnesota, usa",39
12725,31405,31406,"lake helen, florida, usa",31
64926,116312,116313,"redmond, washington, usa",35
9382,124095,124096,"san jose, california, usa",
10557,236024,236025,"davis, california, usa",
79254,131616,131617,"cincinnati, ohio, usa",
84136,60545,60546,"santa maria, california, usa",
39808,45878,45879,"sebastopol, california, usa",
28157,275519,275520,"plainfield, illinois, usa",25
8070,42797,42798,"bellevue, nebraska, usa",15
94926,204803,204804,"mosinee, wisconsin, usa",
98573,1557,1558,"normal, illinois, usa",61
76077,210873,210874,"toronto, ontario, canada",26
41032,36120,36121,"kingsport, tennessee, usa",24
16775,152567,152568,"westminster, colorado, usa",
92112,220398,220399,"alborn, minnesota, usa",
39794,55857,55858,"dartmouth, nova scotia, canada",28
67581,29379,29380,"bayreuth, bayern, germany",
60217,218513,218514,"cambridge, massachusetts, usa",27
38227,228997,228998,"lincoln, nebraska, usa",41
75654,135735,135736,"los angeles, california, usa",54
79790,273196,273197,"jonesboro, georgia, usa",55
84347,111953,111954,"burlington, ontario, canada",25
14126,127249,127250,"shoreditch, london, united kingdom",27
27789,268021,268022,"omaha, nebraska, usa",52
1228,202446,202447,"annecy, haute-savoie, france",
77107,244284,244285,,28
14553,165762,165763,"ft myers, florida, usa",
35035,185579,185580,"urbana, illinois, usa",
76131,166827,166828,"nashua, new hampshire, usa",29
4395,37744,37745,"toowoomba, queensland, australia",36
38144,178034,178035,"pembroke, , canada",81
75492,149597,149598,"newnan, georgia, usa",41
89370,118676,118677,"boise, idaho, usa",46
74229,84865,84866,"st albans, england, united kingdom",
46879,79739,79740,"st. louis, missouri, usa",24
27814,114591,114592,"milwaukee, wisconsin, usa",25
28891,135169,135170,"harbor city, california, usa",
38163,240154,240155,"westford, massachusetts, usa",40
31245,40434,40435,"west palm beach, florida, usa",24
4638,126652,126653,"villas, new jersey, usa",
93283,243929,243930,"montreuil, seine saint-denis, france",43
17676,271557,271558,"henderson, nevada, usa",35
30263,135901,135902,"birmingham, n/a, united kingdom",20
30384,101213,101214,"minden, ontario, canada",46
49619,105713,105714,"portland, oregon, usa",35
59402,67401,67402,"sandpoint, idaho, usa",
98164,93334,93335,"kalama, washington, usa",36
31774,213490,213491,"toronto, ontario, canada",
23329,19569,19570,"bolingbrook, illinois, usa",63
96791,111443,111444,"washington, dc, dc, usa",
50430,275227,275228,"woodland park, colorado, usa",
15126,275475,275476,"aspen, colorado, usa",50
48899,195007,195008,"vancouver, british columbia, canada",29
10635,116675,116676,"bowmanville, ontario, canada",47
44907,36136,36137,"aachen, nordrhein-westfalen, germany",
87525,77709,77710,"jacksonville, florida, usa",
46869,205976,205977,"parma, emilia romagna, italy",21
10895,124716,124717,"amsterdam, noord-holland, netherlands",24
74012,41840,41841,"sherwood park, alberta, canada",
6784,278417,278418,"omaha, nebraska, usa",
42285,232270,232271,"iowa city, iowa, usa",46
22254,152945,152946,"lisbon, lisbon, portugal",25
23477,224225,224226,"alexandria, virginia, usa",
45179,138131,138132,"wellington, n/a, new zealand",27
30150,162375,162376,"lynn, massachusetts, usa",23
60313,214233,214234,"logansport, indiana, usa",17
44575,209058,209059,"temple hills, maryland, usa",26
96621,242218,242219,"honolulu, hawaii, usa",
63302,172121,172122,"knotts island, north carolina, usa",44
32073,165757,165758,"st. catharines, ontario, canada",
74225,92151,92152,"tampa, florida, usa",57
74074,80265,80266,"lich, hessen, germany",42
18535,212846,212847,"angleton, texas, usa",
51978,65191,65192,"san leandro, california, usa",
59214,113265,113266,"lisboa, lisboa, portugal",25
43276,206170,206171,"pipersville, pennsylvania, usa",
63822,60336,60337,"st. marys, georgia, usa",50
17546,27139,27140,"baltimore, maryland, usa",49
33369,60306,60307,"daggett, california, usa",46
98832,131596,131597,"cypress, california, usa",41
58420,229330,229331,"houston, texas, usa",37
74600,268750,268751,"sheboygan, wisconsin, usa",34
5884,142120,142121,"waipahu, hawaii, usa",33
3641,132381,132382,"grosse pointe farms, michigan, usa",40
4742,242036,242037,"shanghai, n/a, china",
75155,263871,263872,"st. paul, minnesota, usa",34
37044,20408,20409,"livermore, california, usa",
93100,147850,147851,"buffalo, texas, usa",22
17833,272051,272052,"jacksonville, florida, usa",53
32412,242396,242397,"moinesti, bacau, romania",24
48115,88662,88663,"sydney, new south wales, australia",18
75469,230495,230496,"simi valley, california, usa",34
55489,60039,60040,"santa clara, california, usa",
77210,147838,147839,"mokena, illinois, usa",
94618,246822,246823,"crickhowell, wales, united kingdom",
11950,236592,236593,"sydney, new south wales, australia",
26198,28143,28144,"orlando, florida, usa",
42003,242741,242742,"twentynine palms, california, usa",58
51656,180924,180925,"ottawa, ontario, canada",26
8472,195004,195005,"payneham, south australia, australia",37
75800,78470,78471,"wichita, kansas, usa",
38029,225686,225687,"glen allen, virginia, usa",16
98871,208740,208741,"breda, noord-brabant, netherlands",30
44106,94333,94334,"adelphi, maryland, usa",43
4691,225809,225810,"el cajon, california, usa",56
91090,176803,176804,"nederweert, limburg, netherlands",42
23510,260201,260202,"london, n/a, united kingdom",
42016,119578,119579,"grosse pointe farms, michigan,",37
71797,131107,131108,"storm lake, iowa, usa",21
6003,180839,180840,"riverside, california, usa",33
86304,225432,225433,"brisbane, queensland, australia",36
1192,86418,86419,"san mateo, california, usa",48
70004,275672,275673,"lake forest, california, usa",
55442,70221,70222,"ottawa, ontario, canada",56
11499,245850,245851,"rochester, new york, usa",31
94419,227024,227025,"saskatoon, saskatchewan, canada",33
4562,154552,154553,"duluth, minnesota, usa",23
22509,266294,266295,"coventry, england,",
86311,128505,128506,"east islip, new york, usa",17
37437,62510,62511,"altamonte springs, florida, usa",65
34040,26370,26371,"vancouver, british columbia, canada",65
69579,33003,33004,"seattle, washington, usa",33
60545,57411,57412,"porto, porto, portugal",25
89780,38523,38524,"weymouth, massachusetts, usa",
20198,255718,255719,"columbus, ohio, usa",
27200,176101,176102,"exton, ,",
46654,16008,16009,"stratford, new jersey, usa",25
4068,19658,19659,"citronelle, ,",
30259,16683,16684,"sao paulo, sao paulo, brazil",59
29157,256302,256303,"lysterfield, victoria, australia",41
33326,39086,39087,"ann arbor, michigan, usa",57
66047,200244,200245,"gaithersburg, maryland, usa",
92994,31687,31688,"mesa, arizona, usa",
67466,10353,10354,"martinsburg, west virginia, usa",15
59269,232098,232099,"carmel, indiana, usa",32
33648,269807,269808,"minnetonka, minnesota, usa",53
16128,237714,237715,"mchenry, illinois, usa",28
96906,56212,56213,"madison, wisconsin, usa",
13310,206572,206573,"plainsboro, new jersey, usa",
10819,78544,78545,"southaven, mississippi, usa",19
51063,64439,64440,"atlanta, georgia, usa",34
91960,253225,253226,"silver lake, new york, usa",25
24098,248324,248325,"zaragoza, dc, spain",33
87244,234952,234953,"glendale, california, usa",
39430,144952,144953,"monroe, new york, usa",49
12933,256401,256402,"huntsville, alabama, usa",34
31877,138188,138189,"saint paul, minnesota, usa",37
64963,130214,130215,"arlington, virginia, usa",34
28773,31825,31826,"jasper, missouri, usa",54
99584,182576,182577,"paris, n/a, france",25
11792,26144,26145,"knoxville, tennessee, usa",24
41645,222390,222391,"dortmund, nordrhein-westfalen, germany",25
25543,74594,74595,"cordova, tennessee, usa",
59208,30847,30848,"winnipeg, manitoba, canada",38
5469,209515,209516,"felixstowe, suffolk, united kingdom",57
59507,24426,24427,"lafayette, new york, usa",
72689,226002,226003,"jenks, oklahoma, usa",53
49826,75428,75429,"new york, new york, usa",22
18946,93091,93092,"sherwood park, alberta, canada",22
25587,36102,36103,"chicago, illinois, usa",
16492,125691,125692,"elmira, new york, usa",28
51443,85366,85367,"gloversville, new york, usa",17
15040,16794,16795,"mechanicsville, maryland, usa",47
98163,265907,265908,"west palm beach, florida, usa",41
37230,93697,93698,"halfmoon bay, british columbia, canada",70
78810,114798,114799,"chicago, illinois,",
61606,237557,237558,"mississauga, ontario, canada",
59739,84794,84795,"alpharetta, ,",
16191,164904,164905,"tuscaloosa, alabama, usa",29
99293,54703,54704,"london, ontario, canada",
88308,24693,24694,"gatineau, québec, canada",
74970,148928,148929,"norfolk, virginia, usa",59
58276,217261,217262,"fairfax, california, usa",55
28298,197129,197130,"rapid city, south dakota, usa",39
26110,171985,171986,"sandhurst, england, united kingdom",47
44217,238778,238779,"brooklyn, new york, usa",46
95382,152035,152036,"yankton, south dakota, usa",47
42730,276070,276071,"littleton, colorado, usa",27
76183,255132,255133,"des moines, ,",
95726,184029,184030,"carlsbad, california, usa",
99136,220313,220314,"mosinee, wisconsin, usa",39
28227,242261,242262,"tampa, florida, usa",32
11188,180041,180042,"thornton, ontario, canada",63
76946,23069,23070,"grand rapids, michigan, usa",24
27742,265193,265194,"blacksburg, virginia, usa",25
92236,80660,80661,"mahwah, ,",
202,212985,212986,"niskayuna, new york, usa",39
12777,105297,105298,"portland, oregon, usa",
824,115997,115998,"torrington, connecticut, usa",49
47404,276038,276039,"città di castello, umbria, italy",28
89994,165780,165781,"port orchard, washington, usa",66
9794,184788,184789,"vancouver, british columbia, canada",34
85932,80476,80477,"blacksburg, virginia, usa",39
76411,43900,43901,"falls church, virginia, usa",
41234,254485,254486,"indio, california, usa",45
62057,265013,265014,"oakland, california, usa",45
77020,190954,190955,"toronto, ontario, canada",29
97418,78618,78619,"melbourne, victoria, australia",37
98611,244069,244070,"long branch, new jersey, usa",47
33172,73002,73003,"severn, maryland, usa",37
1039,60475,60476,"coquitlam, british columbia, canada",35
37473,106502,106503,"medford, oregon, usa",52
78153,214650,214651,"las vegas, nevada, usa",38
87013,272670,272671,"merrickville, ontario, canada",
95547,31430,31431,"burbank, california, usa",
26951,113434,113435,"bratenahl, ohio, usa",49
58876,152465,152466,"port melbourne, victoria, australia",
43853,74273,74274,"campbell river, british columbia, canada",49
36654,193528,193529,"florissant, missouri, usa",51
67089,176878,176879,"reston, virginia, usa",
26219,4621,4622,"norfolk, virginia, usa",18
18380,35950,35951,"urbana, missouri, usa",59
91729,176834,176835,"santa rosa, california, usa",
56757,266330,266331,"chimacum, washington, usa",59
48741,137133,137134,"portland, oregon, usa",31
82622,111748,111749,"edmonton, alberta, canada",
13206,185678,185679,"berlin, berlin, germany",
32897,174624,174625,"houston, texas,",32
35862,174614,174615,"toronto, ontario, canada",
24994,37399,37400,"portland, oregon, usa",27
71077,17916,17917,"hamilton, ontario, canada",23
47239,201518,201519,"boulder, colorado, usa",45
50746,241522,241523,"mülheim, nordrhein-westfalen, germany",18
29181,79187,79188,"vanderhoof, ,",51
71849,217251,217252,"bacup, england, united kingdom",46
68683,67909,67910,"east hanover, new jersey, usa",35
53132,28618,28619,"hartford, connecticut, usa",
23196,4364,4365,"victoria, british columbia, canada",19
21132,182085,182086,"ginsheim, hessen, germany",
46912,90693,90694,"erfurt, thüringen, germany",36
17158,115846,115847,"seattle, washington, usa",30
15714,63922,63923,"dublin, dublin, ireland",21
20667,187612,187613,"olympia, washington, usa",19
83387,14391,14392,"chicago, ,",
9385,225937,225938,"lancaster, california, usa",46
50456,270906,270907,"bellingham, washington, usa",
5278,92695,92696,"pittsburgh, pennsylvania, usa",46
98160,31420,31421,"park forest, illinois, usa",
50902,219293,219294,"troy, michigan, usa",37
61757,57368,57369,"laingsburg, michigan, usa",63
39028,191723,191724,"bathurst, new brunswick, canada",41
34177,170254,170255,"belmont, massachusetts, usa",
30184,205707,205708,"langenfeld, nordrhein-westfalen, germany",39
12177,189278,189279,"odivelas, lisboa,",39
28292,179938,179939,"barcelona, granollers, spain",27
81227,135798,135799,"detroit, michigan, usa",50
13972,241893,241894,"bendigo, victoria, australia",56
19931,213844,213845,"clovis, california, usa",38
10948,236699,236700,"porto alegre, rio grande do sul, brazil",
21024,136694,136695,"studio city, california, usa",
90460,189843,189844,"adelaide, south australia, australia",60
65266,241085,241086,"manchester, england, united kingdom",
73738,113617,113618,"albququerque, new mexico, usa",
73476,22408,22409,"toledo, ohio, usa",28
63418,21929,21930,,28
32856,45112,45113,"alderson, west virginia, usa",34
46286,81596,81597,"wichita, kansas, usa",
11222,273070,273071,,
62929,248137,248138,"staunton, virginia, usa",
30991,120859,120860,"huntsville, alabama, usa",2
58173,126809,126810,"galena, ohio, usa",
54676,168386,168387,"frankston, victoria, australia",32
83342,92978,92979,"fairfield, california, usa",
84883,159862,159863,"bury st edmunds, suffolk, united kingdom",60
13572,22191,22192,"barcelona, barcelona, spain",31
9822,79088,79089,"nickerson, kansas, usa",29
77405,42758,42759,"west palm beach, florida, usa",57
68088,59611,59612,"iowa city, iowa, usa",
72454,105986,105987,"leaf river, illinois, usa",
46137,113518,113519,"pleasanton, california, usa",
33881,171164,171165,"petaling jaya, selangor, malaysia",36
99151,7104,7105,"chertsey, england, united kingdom",
25093,254627,254628,"yuma, arizona, usa",66
98144,106330,106331,"toronto, ontario, canada",
9505,100065,100066,"houston, texas, usa",26
84513,181686,181687,"austin, texas, usa",29
90524,105648,105649,"boskoop, zuid holland,",38
75526,12981,12982,"getxo, vizcaya, spain",41
774,138329,138330,"manhattan beach, california, usa",
30682,171234,171235,"münchen, bayern, germany",34
15864,136637,136638,"delfzijl, groningen, netherlands",18
47034,30743,30744,"gainesville, georgia, usa",31
24803,74237,74238,"pahrump, nevada, usa",46
97267,154181,154182,"new waverly, texas, usa",36
33786,13895,13896,"torrance, california, usa",
41260,265750,265751,"sebastopol, california, usa",
65058,28992,28993,"nottingham, england, united kingdom",48
88940,262665,262666,"halifax, nova scotia, canada",
27811,231493,231494,"jackson, michigan, usa",
27067,51226,51227,"wien, wien, austria",30
94786,118433,118434,"darwin, northern territory, australia",23
178,52158,52159,"richmond, california, usa",49
7870,174138,174139,,36
74354,146427,146428,"esquimalt, british columbia, canada",
2040,35840,35841,"st. thomas, ontario, canada",27
56260,26534,26535,"hickory, mississippi, usa",41
81988,161101,161102,"babson park, massachusetts, usa",34
16200,111227,111228,"lisle, new york, usa",18
94912,226005,226006,"scott, arkansas, usa",35
49672,136304,136305,"malaga, málaga, spain",28
41867,149933,149934,"chicago, illinois, usa",44
23751,234280,234281,"fribourg, fribourg, switzerland",
78494,258239,258240,"clarinda, iowa, usa",41
63648,231329,231330,"new york, new york, usa",
98744,237090,237091,"fair lawn, new jersey, usa",54
77459,121092,121093,"washington dc, dc, usa",32
86156,62099,62100,"waco, texas, usa",49
5319,21356,21357,,50
64036,185307,185308,"winchester, england, united kingdom",
83369,131912,131913,"dortmund, nordrhein-westfalen, germany",35
81600,149203,149204,,
77296,163924,163925,"birmingham, west midlands, united kingdom",49
96647,38659,38660,"ottawa, ontario, canada",40
22302,104861,104862,"novato, california, usa",
7941,62301,62302,"memphis, tennessee, usa",
91424,277561,277562,"tonbridge, kent, united kingdom",22
99441,24696,24697,"canoga park, california, usa",48
4083,38175,38176,"harleysville, pennsylvania, usa",
95030,145108,145109,,45
87388,167586,167587,"anaheim hills, ,",22
35906,12142,12143,"pleasant hill, california, usa",51
3230,93240,93241,"woodland hills, california, usa",
59057,203279,203280,"melbourne, victoria, australia",28
91128,183177,183178,"madison, wisconsin, usa",35
51727,7311,7312,"walnut ridge, arkansas, usa",23
96437,11589,11590,"st. peters, missouri, usa",
14875,49888,49889,"orem, utah, usa",
55579,266521,266522,"burnaby, british columbia, canada",
26350,245649,245650,"lakeland, florida, usa",
9658,251954,251955,"london, n/a, united kingdom",34
6596,153722,153723,"fresno, california,",31
3381,129113,129114,,40
82409,89904,89905,"ashland, kentucky, usa",35
27485,26615,26616,"ann arbor, michigan, usa",20
59699,210684,210685,"medford, oregon, usa",25
70827,6768,6769,"olympia, washington, usa",56
520,218196,218197,"nürnberg, bayern, germany",39
48771,242499,242500,"mechanicsville, virginia, usa",
55050,267620,267621,"fort lauderdale, florida, usa",68
44644,130156,130157,"olympia, washington, usa",47
96150,221231,221232,"rock hill, south carolina, usa",21
5019,20793,20794,"great barrington, massachusetts, usa",31
21051,229282,229283,"cartagena, murcia, spain",23
36460,106387,106388,"sarasota, florida, usa",27
36682,92908,92909,"stuttgart, baden-wuerttemberg, germany",29
39665,204114,204115,"sechelt, british columbia, canada",30
62033,47400,47401,"tigard, oregon, usa",
33408,216556,216557,"victoria, british columbia, canada",33
20323,4808,4809,"grosse pointe, michigan, usa",
60332,106337,106338,"kirribilli, new south wales, australia",31
87536,110889,110890,"tempe, arizona, usa",
32293,257424,257425,"london, n/a, united kingdom",74
83498,183195,183196,"peoria, illinois, usa",33
53024,24300,24301,"maple bay, british columbia, canada",
92304,79440,79441,"spruce grove, alberta, canada",43
72026,268491,268492,"downers grove, illinois, usa",35
83802,247847,247848,"wiesbaden, hessen, germany",30
45693,45301,45302,"bethlehem, pennsylvania, usa",
67358,77358,77359,"metuchen, new jersey, usa",
61667,82858,82859,"seattle, washington, usa",
57913,103444,103445,"amarillo, texas, usa",50
89411,238835,238836,"richmond, virginia, usa",36
66479,92673,92674,"chicago, illinois, usa",39
6085,266839,266840,"columbia, south carolina, usa",22
44705,163795,163796,"kempton, pennsylvania, usa",53
13313,173874,173875,"london, city, united kingdom",45
97494,220121,220122,"bucharest, ilfov,",
79869,86931,86932,"valleyview, alberta, canada",
58564,224645,224646,"london, england, united kingdom",
60651,244147,244148,"sidney, new york, usa",40
33800,118537,118538,"barcelona, catalunya, spain",26
37462,71520,71521,"ottawa, ontario, canada",35
94902,8694,8695,"redding, california, usa",
9096,196017,196018,"joliet, illinois, usa",27
78575,240106,240107,"rsm, california, usa",60
97475,173683,173684,"chula vista, california, usa",15
58570,196701,196702,"kingston, ontario, canada",21
86212,266749,266750,"claremont, california, usa",
57167,121593,121594,"columbia, south carolina, usa",63
85269,238007,238008,"edmond, oklahoma, usa",36
76165,239735,239736,"paris, ile-de-france, france",20
57382,156162,156163,"los angeles, california, usa",54
26268,19969,19970,"san diego, california, usa",34
53138,62149,62150,,26
69482,52886,52887,"san lorenzo, california, usa",
50152,4091,4092,"hixson, tennessee, usa",27
674,210626,210627,"charlottesville, virginia, usa",
90210,255330,255331,"eversley.          hampshire, england, united kingdom",70
79128,105053,105054,"edmonton, alberta, canada",29
25933,225470,225471,"los angeles, california, usa",
24919,67514,67515,"oakland, california, usa",45
49197,170849,170850,"bethel, ,",57
73653,79214,79215,"valley center, california, usa",
44920,87910,87911,"new york, new york, usa",20
86296,96053,96054,"ottawa, ontario, canada",29
29959,273132,273133,"orihuela costa, alicante, spain",26
2000,63811,63812,"pontevedra, pontevedra, spain",23
37073,245256,245257,"flint, michigan, usa",32
6013,156509,156510,"surrey, british columbia, canada",50
72884,196456,196457,"seattle, washington, usa",
71129,61703,61704,"villanova, pennsylvania, usa",58
58855,268109,268110,"westerville, ohio, usa",
39268,62666,62667,"warsaw, virginia, usa",53
21857,190055,190056,"wallingford, pennsylvania, usa",56
35082,221013,221014,,
26218,33589,33590,"victoria, british columbia, canada",31
83942,214820,214821,"eagle, idaho, usa",
80527,163193,163194,"west linn, ,",57
61806,215606,215607,"toledo, ohio, usa",
58137,12656,12657,"bremen, bremen, germany",48
94605,278693,278694,"montgomery, alabama, usa",57
97477,54604,54605,,
91063,159136,159137,"waban, massachusetts, usa",42
46853,14997,14998,"canton, georgia, usa",25
84978,139208,139209,"woodridge, illinois, usa",23
45129,245648,245649,"greensboro, north carolina, usa",27
88607,81214,81215,"grosse pointe farms, michigan, usa",
49277,138866,138867,"chicago, illinois, usa",35
87204,250406,250407,"houston, texas, usa",
53449,226553,226554,"cottam, ontario, canada",
52848,65237,65238,"savannah, georgia, usa",31
16074,88108,88109,"new york, new york, usa",58
28148,142038,142039,"saint louis, missouri, usa",50
67513,127647,127648,"victoria, british columbia, canada",42
39505,225231,225232,"sydney, new south wales, australia",4
60143,157246,157247,"deventer, overijssel, netherlands",48
86180,63782,63783,"shoreview, minnesota, usa",
57688,181222,181223,"windham, new hampshire, usa",
85552,208140,208141,"jefferson, wisconsin, usa",46
38728,28590,28591,"michie, tennessee, usa",33
68675,199490,199491,"santa barbara, california,",21
39132,186684,186685,"montreal, quebec, canada",20
57496,251494,251495,"mundelein, illinois, usa",54
11387,224202,224203,"seattle, washington, usa",
22556,233927,233928,"madera, ,",18
20712,128118,128119,"olathe, kansas, usa",
34439,249110,249111,"calgary, alberta, canada",
8230,130473,130474,"nashville, tennessee, usa",33
21571,223033,223034,"toronto, ontario, canada",
65609,170508,170509,"spokane, washington, usa",32
82466,188660,188661,"kinderhook, new york, usa",32
91425,88978,88979,"griesheim, hessen, germany",44
4151,235383,235384,"rio rancho, new mexico, usa",
64584,260107,260108,"monmouth junction, new jersey, usa",
72005,102028,102029,"poughkeepsie, new york, usa",
37212,63393,63394,"eufaula, alabama, usa",22
5854,238565,238566,"bethlehem, pennsylvania, usa",
13750,38502,38503,"caen, normandie, france",20
55647,27286,27287,"portland, oregon, usa",
17098,169557,169558,"ottawa, ontario, canada",
39118,197501,197502,"thornton, colorado, usa",26
97451,85805,85806,"st-légier, vaud, switzerland",
3086,19084,19085,"menomonie, wisconsin, usa",60
34659,201016,201017,"palmetto bay, florida, usa",36
99405,97753,97754,"schenectady, new york, usa",46
25565,239760,239761,"neukirch, sachsen, germany",32
16228,77399,77400,"adelaide, south australia, australia",29
11001,136251,136252,,33
40520,275275,275276,"evansville, indiana, usa",
84114,40221,40222,"san diego, california, usa",33
86073,25544,25545,"hollsopple, pennsylvania, usa",33
31837,81297,81298,"savannah, georgia, usa",20
82186,229443,229444,"annandale, virginia, usa",
69283,210167,210168,"los angeles, california, usa",26
36285,260949,260950,"plasencia, cáceres, spain",36
38206,235590,235591,"port coquitlam, british columbia, canada",44
12045,11992,11993,"lakewood, colorado, usa",37
14825,51776,51777,"torrington, wyoming, usa",
8817,2032,2033,"omaha, nebraska, usa",27
69652,105575,105576,"cleveland, ohio, usa",
6098,112952,112953,"davenport, iowa, usa",31
9746,145164,145165,"sydney, new south wales, australia",38
11469,265201,265202,"manchester, vermont, usa",38
8206,240266,240267,"st. louis, missouri, usa",
65010,250241,250242,"pythagorion, samos, greece",38
17283,154991,154992,"maryland heights, missouri, usa",40
25196,92078,92079,"sunapee, new hampshire, usa",
30288,38344,38345,"oviedo, florida, usa",46
95889,210737,210738,"stamford, new york, usa",
45306,53589,53590,"thalwil, zurich, switzerland",40
96033,245361,245362,"new port richey, florida, usa",
60835,101149,101150,"edgerton, wisconsin, usa",
57632,50072,50073,"south portland, maine, usa",
30751,59208,59209,"markham, ontario, canada",41
43272,206864,206865,"poitiers, vienne, france",22
46854,132172,132173,"charlotte, north carolina, usa",
25696,219300,219301,"franklin, massachusetts, usa",
21374,277194,277195,"san francisco, california, usa",54
32944,259034,259035,,38
35528,13220,13221,"iqaluit, nunavut, canada",45
83470,207615,207616,"choctaw, oklahoma,",53
8756,222291,222292,"tokyo, tokyo, japan",
